
{
    "gameModes": ["standard", "battle", "foggle"],
    "boardSizes": ["4x4", "5x5"],
    "diceUse": ["once", "generous"],
    "languages": ["english"],
    

    "standard": {
        "sizes" : ["4x4", "5x5"],
        "diceUses": ["once", "generous"],
        "wordUses": ["multiple"],
        "modeType": ["alphabetic"]
    },

    "battle" : {
        "sizes" : ["4x4", "5x5"],
        "diceUses": ["once", "generous"],
        "wordUses": ["once"],
        "modeType": ["alphabetic"]
    },

    "foggle" : {
        "sizes" : ["4x4"],
        "diceUses": ["once", "generous"],
        "wordUses": ["multiple"],
        "modeType": ["numeric"]
    }
    

}
